<?xml version="1.0" encoding="UTF-8"?>

<!-- generated on Thu May  1 07:14:22 2014 by SUMO netconvert Version 0.17.1
<?xml version="1.0" encoding="UTF-8"?>

<configuration xmlns:xsi="http://www.w3.org/2001/XMLSchema-instance" xsi:noNamespaceSchemaLocation="http://sumo.sf.net/xsd/netconvertConfiguration.xsd">

    <input>
        <node-files value="hello.nod.xml"/>
        <edge-files value="hello.edg.xml"/>
    </input>

    <output>
        <output-file value="hello.net.xml"/>
    </output>

</configuration>
-->

<net version="0.13" xmlns:xsi="http://www.w3.org/2001/XMLSchema-instance" xsi:noNamespaceSchemaLocation="http://sumo.sf.net/xsd/net_file.xsd">

    <location netOffset="250.00,0.00" convBoundary="0.00,0.00,750.00,0.00" origBoundary="-250.00,0.00,500.00,0.00" projParameter="!"/>

    <edge id=":2_0" function="internal">
        <lane id=":2_0_0" index="0" speed="13.90" length="0.10" shape="500.00,-1.65 500.00,-1.65"/>
    </edge>
    <edge id=":3_0" function="internal">
        <lane id=":3_0_0" index="0" speed="13.90" length="0.10" shape="501.00,-1.65 501.00,-1.65"/>
    </edge>

    <edge id="1to2" from="1" to="2" priority="-1">
        <lane id="1to2_0" index="0" speed="13.90" length="500.00" shape="0.00,-1.65 500.00,-1.65"/>
    </edge>
    <edge id="2to3" from="2" to="3" priority="-1">
        <lane id="2to3_0" index="0" speed="13.90" length="1.00" shape="500.00,-1.65 501.00,-1.65"/>
    </edge>
    <edge id="out" from="3" to="4" priority="-1">
        <lane id="out_0" index="0" speed="13.90" length="249.00" shape="501.00,-1.65 750.00,-1.65"/>
    </edge>

    <junction id="1" type="unregulated" x="0.00" y="0.00" incLanes="" intLanes="" shape="-0.00,-0.05 -0.00,-3.25"/>
    <junction id="2" type="priority" x="500.00" y="0.00" incLanes="1to2_0" intLanes=":2_0_0" shape="500.00,-0.05 500.00,-3.25 500.00,-0.05">
        <request index="0" response="0" foes="0" cont="0"/>
    </junction>
    <junction id="3" type="priority" x="501.00" y="0.00" incLanes="2to3_0" intLanes=":3_0_0" shape="501.00,-0.05 501.00,-3.25 501.00,-0.05">
        <request index="0" response="0" foes="0" cont="0"/>
    </junction>
    <junction id="4" type="unregulated" x="750.00" y="0.00" incLanes="out_0" intLanes="" shape="750.00,-3.25 750.00,-0.05"/>

    <connection from="1to2" to="2to3" fromLane="0" toLane="0" via=":2_0_0" dir="s" state="M"/>
    <connection from="2to3" to="out" fromLane="0" toLane="0" via=":3_0_0" dir="s" state="M"/>

    <connection from=":2_0" to="2to3" fromLane="0" toLane="0" dir="s" state="M"/>
    <connection from=":3_0" to="out" fromLane="0" toLane="0" dir="s" state="M"/>

</net>
